[
{
  "model": "account.profile",
  "pk": 1,
  "fields": {
    "user": 1,
    "date_of_birth": "2024-07-25",
    "photo": "users/2024/07/25/Снимок_экрана_от_2024-07-03_20-07-57.png"
  }
},
{
  "model": "account.profile",
  "pk": 2,
  "fields": {
    "user": 3,
    "date_of_birth": "2024-07-26",
    "photo": "users/2024/07/25/Adidas-hoodie.png"
  }
},
{
  "model": "account.profile",
  "pk": 7,
  "fields": {
    "user": 11,
    "date_of_birth": null,
    "photo": ""
  }
},
{
  "model": "account.profile",
  "pk": 8,
  "fields": {
    "user": 12,
    "date_of_birth": null,
    "photo": ""
  }
},
{
  "model": "account.profile",
  "pk": 9,
  "fields": {
    "user": 13,
    "date_of_birth": null,
    "photo": ""
  }
},
{
  "model": "account.profile",
  "pk": 10,
  "fields": {
    "user": 14,
    "date_of_birth": null,
    "photo": ""
  }
},
{
  "model": "admin.logentry",
  "pk": 1,
  "fields": {
    "action_time": "2024-07-23T13:35:02.905Z",
    "user": 1,
    "content_type": 4,
    "object_id": "1",
    "object_repr": "aslan",
    "action_flag": 2,
    "change_message": "[{\"changed\": {\"fields\": [\"Email address\"]}}]"
  }
},
{
  "model": "admin.logentry",
  "pk": 2,
  "fields": {
    "action_time": "2024-07-25T13:42:05.414Z",
    "user": 1,
    "content_type": 7,
    "object_id": "1",
    "object_repr": "Profile of aslan",
    "action_flag": 1,
    "change_message": "[{\"added\": {}}]"
  }
},
{
  "model": "admin.logentry",
  "pk": 3,
  "fields": {
    "action_time": "2024-07-25T13:43:13.255Z",
    "user": 1,
    "content_type": 7,
    "object_id": "2",
    "object_repr": "Profile of muiz",
    "action_flag": 1,
    "change_message": "[{\"added\": {}}]"
  }
},
{
  "model": "admin.logentry",
  "pk": 4,
  "fields": {
    "action_time": "2024-07-25T13:43:34.096Z",
    "user": 1,
    "content_type": 7,
    "object_id": "3",
    "object_repr": "Profile of qwerty",
    "action_flag": 1,
    "change_message": "[{\"added\": {}}]"
  }
},
{
  "model": "admin.logentry",
  "pk": 5,
  "fields": {
    "action_time": "2024-07-25T13:44:07.275Z",
    "user": 1,
    "content_type": 7,
    "object_id": "2",
    "object_repr": "Profile of muiz",
    "action_flag": 2,
    "change_message": "[{\"changed\": {\"fields\": [\"Photo\"]}}]"
  }
},
{
  "model": "admin.logentry",
  "pk": 6,
  "fields": {
    "action_time": "2024-07-25T13:58:27.098Z",
    "user": 1,
    "content_type": 7,
    "object_id": "3",
    "object_repr": "Profile of qwerty",
    "action_flag": 2,
    "change_message": "[{\"changed\": {\"fields\": [\"Photo\"]}}]"
  }
},
{
  "model": "admin.logentry",
  "pk": 7,
  "fields": {
    "action_time": "2024-07-25T13:58:35.855Z",
    "user": 1,
    "content_type": 7,
    "object_id": "2",
    "object_repr": "Profile of muiz",
    "action_flag": 2,
    "change_message": "[{\"changed\": {\"fields\": [\"Photo\"]}}]"
  }
},
{
  "model": "admin.logentry",
  "pk": 8,
  "fields": {
    "action_time": "2024-07-25T13:58:47.012Z",
    "user": 1,
    "content_type": 7,
    "object_id": "1",
    "object_repr": "Profile of aslan",
    "action_flag": 2,
    "change_message": "[{\"changed\": {\"fields\": [\"Photo\"]}}]"
  }
},
{
  "model": "admin.logentry",
  "pk": 9,
  "fields": {
    "action_time": "2024-07-25T14:31:02.428Z",
    "user": 1,
    "content_type": 7,
    "object_id": "1",
    "object_repr": "Profile of aslan",
    "action_flag": 2,
    "change_message": "[{\"changed\": {\"fields\": [\"Photo\"]}}]"
  }
},
{
  "model": "admin.logentry",
  "pk": 10,
  "fields": {
    "action_time": "2024-07-25T14:31:07.555Z",
    "user": 1,
    "content_type": 7,
    "object_id": "3",
    "object_repr": "Profile of qwerty",
    "action_flag": 2,
    "change_message": "[{\"changed\": {\"fields\": [\"Photo\"]}}]"
  }
},
{
  "model": "admin.logentry",
  "pk": 11,
  "fields": {
    "action_time": "2024-07-25T14:31:13.494Z",
    "user": 1,
    "content_type": 7,
    "object_id": "2",
    "object_repr": "Profile of muiz",
    "action_flag": 2,
    "change_message": "[{\"changed\": {\"fields\": [\"Photo\"]}}]"
  }
},
{
  "model": "admin.logentry",
  "pk": 12,
  "fields": {
    "action_time": "2024-07-27T13:50:06.941Z",
    "user": 1,
    "content_type": 4,
    "object_id": "4",
    "object_repr": "proverka",
    "action_flag": 3,
    "change_message": ""
  }
},
{
  "model": "admin.logentry",
  "pk": 13,
  "fields": {
    "action_time": "2024-07-27T13:50:06.944Z",
    "user": 1,
    "content_type": 4,
    "object_id": "5",
    "object_repr": "proverka1",
    "action_flag": 3,
    "change_message": ""
  }
},
{
  "model": "admin.logentry",
  "pk": 14,
  "fields": {
    "action_time": "2024-07-27T13:50:06.947Z",
    "user": 1,
    "content_type": 4,
    "object_id": "2",
    "object_repr": "qwerty",
    "action_flag": 3,
    "change_message": ""
  }
},
{
  "model": "admin.logentry",
  "pk": 15,
  "fields": {
    "action_time": "2024-07-27T13:51:51.350Z",
    "user": 1,
    "content_type": 7,
    "object_id": "6",
    "object_repr": "Profile of qwerty",
    "action_flag": 3,
    "change_message": ""
  }
},
{
  "model": "admin.logentry",
  "pk": 16,
  "fields": {
    "action_time": "2024-08-01T11:32:59.024Z",
    "user": 1,
    "content_type": 11,
    "object_id": "4",
    "object_repr": "matackubovaslan",
    "action_flag": 3,
    "change_message": ""
  }
},
{
  "model": "admin.logentry",
  "pk": 17,
  "fields": {
    "action_time": "2024-08-01T11:32:59.026Z",
    "user": 1,
    "content_type": 11,
    "object_id": "3",
    "object_repr": "19Pleyer",
    "action_flag": 3,
    "change_message": ""
  }
},
{
  "model": "admin.logentry",
  "pk": 18,
  "fields": {
    "action_time": "2024-08-01T11:32:59.028Z",
    "user": 1,
    "content_type": 11,
    "object_id": "2",
    "object_repr": "AslanMatyackubov",
    "action_flag": 3,
    "change_message": ""
  }
},
{
  "model": "admin.logentry",
  "pk": 19,
  "fields": {
    "action_time": "2024-08-01T11:32:59.030Z",
    "user": 1,
    "content_type": 11,
    "object_id": "1",
    "object_repr": "aslan19P",
    "action_flag": 3,
    "change_message": ""
  }
},
{
  "model": "admin.logentry",
  "pk": 20,
  "fields": {
    "action_time": "2024-08-03T14:15:38.583Z",
    "user": 1,
    "content_type": 13,
    "object_id": "13",
    "object_repr": "Amazon.com. Spend less. Smile more.",
    "action_flag": 3,
    "change_message": ""
  }
},
{
  "model": "admin.logentry",
  "pk": 21,
  "fields": {
    "action_time": "2024-08-03T14:15:38.587Z",
    "user": 1,
    "content_type": 13,
    "object_id": "12",
    "object_repr": "Amazon.com. Spend less. Smile more.",
    "action_flag": 3,
    "change_message": ""
  }
},
{
  "model": "admin.logentry",
  "pk": 22,
  "fields": {
    "action_time": "2024-08-03T14:15:38.589Z",
    "user": 1,
    "content_type": 13,
    "object_id": "11",
    "object_repr": "Amazon.com. Spend less. Smile more.",
    "action_flag": 3,
    "change_message": ""
  }
},
{
  "model": "admin.logentry",
  "pk": 23,
  "fields": {
    "action_time": "2024-08-03T14:15:38.591Z",
    "user": 1,
    "content_type": 13,
    "object_id": "10",
    "object_repr": "Amazon.com. Spend less. Smile more.",
    "action_flag": 3,
    "change_message": ""
  }
},
{
  "model": "admin.logentry",
  "pk": 24,
  "fields": {
    "action_time": "2024-08-03T14:15:38.593Z",
    "user": 1,
    "content_type": 13,
    "object_id": "9",
    "object_repr": "Amazon.com. Spend less. Smile more.",
    "action_flag": 3,
    "change_message": ""
  }
},
{
  "model": "admin.logentry",
  "pk": 25,
  "fields": {
    "action_time": "2024-08-03T14:15:38.594Z",
    "user": 1,
    "content_type": 13,
    "object_id": "8",
    "object_repr": "Amazon.com. Spend less. Smile more.",
    "action_flag": 3,
    "change_message": ""
  }
},
{
  "model": "admin.logentry",
  "pk": 26,
  "fields": {
    "action_time": "2024-08-03T14:15:38.595Z",
    "user": 1,
    "content_type": 13,
    "object_id": "7",
    "object_repr": "Amazon.com. Spend less. Smile more.",
    "action_flag": 3,
    "change_message": ""
  }
},
{
  "model": "admin.logentry",
  "pk": 27,
  "fields": {
    "action_time": "2024-08-03T14:15:38.597Z",
    "user": 1,
    "content_type": 13,
    "object_id": "6",
    "object_repr": "Amazon.com. Spend less. Smile more.",
    "action_flag": 3,
    "change_message": ""
  }
},
{
  "model": "admin.logentry",
  "pk": 28,
  "fields": {
    "action_time": "2024-08-03T14:15:38.598Z",
    "user": 1,
    "content_type": 13,
    "object_id": "5",
    "object_repr": "Amazon.com. Spend less. Smile more.",
    "action_flag": 3,
    "change_message": ""
  }
},
{
  "model": "admin.logentry",
  "pk": 29,
  "fields": {
    "action_time": "2024-08-03T14:15:38.600Z",
    "user": 1,
    "content_type": 13,
    "object_id": "4",
    "object_repr": "Amazon.com. Spend less. Smile more.",
    "action_flag": 3,
    "change_message": ""
  }
},
{
  "model": "admin.logentry",
  "pk": 30,
  "fields": {
    "action_time": "2024-08-03T14:15:38.601Z",
    "user": 1,
    "content_type": 13,
    "object_id": "3",
    "object_repr": "Amazon.com. Spend less. Smile more.",
    "action_flag": 3,
    "change_message": ""
  }
},
{
  "model": "auth.permission",
  "pk": 1,
  "fields": {
    "name": "Can add log entry",
    "content_type": 1,
    "codename": "add_logentry"
  }
},
{
  "model": "auth.permission",
  "pk": 2,
  "fields": {
    "name": "Can change log entry",
    "content_type": 1,
    "codename": "change_logentry"
  }
},
{
  "model": "auth.permission",
  "pk": 3,
  "fields": {
    "name": "Can delete log entry",
    "content_type": 1,
    "codename": "delete_logentry"
  }
},
{
  "model": "auth.permission",
  "pk": 4,
  "fields": {
    "name": "Can view log entry",
    "content_type": 1,
    "codename": "view_logentry"
  }
},
{
  "model": "auth.permission",
  "pk": 5,
  "fields": {
    "name": "Can add permission",
    "content_type": 2,
    "codename": "add_permission"
  }
},
{
  "model": "auth.permission",
  "pk": 6,
  "fields": {
    "name": "Can change permission",
    "content_type": 2,
    "codename": "change_permission"
  }
},
{
  "model": "auth.permission",
  "pk": 7,
  "fields": {
    "name": "Can delete permission",
    "content_type": 2,
    "codename": "delete_permission"
  }
},
{
  "model": "auth.permission",
  "pk": 8,
  "fields": {
    "name": "Can view permission",
    "content_type": 2,
    "codename": "view_permission"
  }
},
{
  "model": "auth.permission",
  "pk": 9,
  "fields": {
    "name": "Can add group",
    "content_type": 3,
    "codename": "add_group"
  }
},
{
  "model": "auth.permission",
  "pk": 10,
  "fields": {
    "name": "Can change group",
    "content_type": 3,
    "codename": "change_group"
  }
},
{
  "model": "auth.permission",
  "pk": 11,
  "fields": {
    "name": "Can delete group",
    "content_type": 3,
    "codename": "delete_group"
  }
},
{
  "model": "auth.permission",
  "pk": 12,
  "fields": {
    "name": "Can view group",
    "content_type": 3,
    "codename": "view_group"
  }
},
{
  "model": "auth.permission",
  "pk": 13,
  "fields": {
    "name": "Can add user",
    "content_type": 4,
    "codename": "add_user"
  }
},
{
  "model": "auth.permission",
  "pk": 14,
  "fields": {
    "name": "Can change user",
    "content_type": 4,
    "codename": "change_user"
  }
},
{
  "model": "auth.permission",
  "pk": 15,
  "fields": {
    "name": "Can delete user",
    "content_type": 4,
    "codename": "delete_user"
  }
},
{
  "model": "auth.permission",
  "pk": 16,
  "fields": {
    "name": "Can view user",
    "content_type": 4,
    "codename": "view_user"
  }
},
{
  "model": "auth.permission",
  "pk": 17,
  "fields": {
    "name": "Can add content type",
    "content_type": 5,
    "codename": "add_contenttype"
  }
},
{
  "model": "auth.permission",
  "pk": 18,
  "fields": {
    "name": "Can change content type",
    "content_type": 5,
    "codename": "change_contenttype"
  }
},
{
  "model": "auth.permission",
  "pk": 19,
  "fields": {
    "name": "Can delete content type",
    "content_type": 5,
    "codename": "delete_contenttype"
  }
},
{
  "model": "auth.permission",
  "pk": 20,
  "fields": {
    "name": "Can view content type",
    "content_type": 5,
    "codename": "view_contenttype"
  }
},
{
  "model": "auth.permission",
  "pk": 21,
  "fields": {
    "name": "Can add session",
    "content_type": 6,
    "codename": "add_session"
  }
},
{
  "model": "auth.permission",
  "pk": 22,
  "fields": {
    "name": "Can change session",
    "content_type": 6,
    "codename": "change_session"
  }
},
{
  "model": "auth.permission",
  "pk": 23,
  "fields": {
    "name": "Can delete session",
    "content_type": 6,
    "codename": "delete_session"
  }
},
{
  "model": "auth.permission",
  "pk": 24,
  "fields": {
    "name": "Can view session",
    "content_type": 6,
    "codename": "view_session"
  }
},
{
  "model": "auth.permission",
  "pk": 25,
  "fields": {
    "name": "Can add profile",
    "content_type": 7,
    "codename": "add_profile"
  }
},
{
  "model": "auth.permission",
  "pk": 26,
  "fields": {
    "name": "Can change profile",
    "content_type": 7,
    "codename": "change_profile"
  }
},
{
  "model": "auth.permission",
  "pk": 27,
  "fields": {
    "name": "Can delete profile",
    "content_type": 7,
    "codename": "delete_profile"
  }
},
{
  "model": "auth.permission",
  "pk": 28,
  "fields": {
    "name": "Can view profile",
    "content_type": 7,
    "codename": "view_profile"
  }
},
{
  "model": "auth.permission",
  "pk": 29,
  "fields": {
    "name": "Can add association",
    "content_type": 8,
    "codename": "add_association"
  }
},
{
  "model": "auth.permission",
  "pk": 30,
  "fields": {
    "name": "Can change association",
    "content_type": 8,
    "codename": "change_association"
  }
},
{
  "model": "auth.permission",
  "pk": 31,
  "fields": {
    "name": "Can delete association",
    "content_type": 8,
    "codename": "delete_association"
  }
},
{
  "model": "auth.permission",
  "pk": 32,
  "fields": {
    "name": "Can view association",
    "content_type": 8,
    "codename": "view_association"
  }
},
{
  "model": "auth.permission",
  "pk": 33,
  "fields": {
    "name": "Can add code",
    "content_type": 9,
    "codename": "add_code"
  }
},
{
  "model": "auth.permission",
  "pk": 34,
  "fields": {
    "name": "Can change code",
    "content_type": 9,
    "codename": "change_code"
  }
},
{
  "model": "auth.permission",
  "pk": 35,
  "fields": {
    "name": "Can delete code",
    "content_type": 9,
    "codename": "delete_code"
  }
},
{
  "model": "auth.permission",
  "pk": 36,
  "fields": {
    "name": "Can view code",
    "content_type": 9,
    "codename": "view_code"
  }
},
{
  "model": "auth.permission",
  "pk": 37,
  "fields": {
    "name": "Can add nonce",
    "content_type": 10,
    "codename": "add_nonce"
  }
},
{
  "model": "auth.permission",
  "pk": 38,
  "fields": {
    "name": "Can change nonce",
    "content_type": 10,
    "codename": "change_nonce"
  }
},
{
  "model": "auth.permission",
  "pk": 39,
  "fields": {
    "name": "Can delete nonce",
    "content_type": 10,
    "codename": "delete_nonce"
  }
},
{
  "model": "auth.permission",
  "pk": 40,
  "fields": {
    "name": "Can view nonce",
    "content_type": 10,
    "codename": "view_nonce"
  }
},
{
  "model": "auth.permission",
  "pk": 41,
  "fields": {
    "name": "Can add user social auth",
    "content_type": 11,
    "codename": "add_usersocialauth"
  }
},
{
  "model": "auth.permission",
  "pk": 42,
  "fields": {
    "name": "Can change user social auth",
    "content_type": 11,
    "codename": "change_usersocialauth"
  }
},
{
  "model": "auth.permission",
  "pk": 43,
  "fields": {
    "name": "Can delete user social auth",
    "content_type": 11,
    "codename": "delete_usersocialauth"
  }
},
{
  "model": "auth.permission",
  "pk": 44,
  "fields": {
    "name": "Can view user social auth",
    "content_type": 11,
    "codename": "view_usersocialauth"
  }
},
{
  "model": "auth.permission",
  "pk": 45,
  "fields": {
    "name": "Can add partial",
    "content_type": 12,
    "codename": "add_partial"
  }
},
{
  "model": "auth.permission",
  "pk": 46,
  "fields": {
    "name": "Can change partial",
    "content_type": 12,
    "codename": "change_partial"
  }
},
{
  "model": "auth.permission",
  "pk": 47,
  "fields": {
    "name": "Can delete partial",
    "content_type": 12,
    "codename": "delete_partial"
  }
},
{
  "model": "auth.permission",
  "pk": 48,
  "fields": {
    "name": "Can view partial",
    "content_type": 12,
    "codename": "view_partial"
  }
},
{
  "model": "auth.permission",
  "pk": 49,
  "fields": {
    "name": "Can add image",
    "content_type": 13,
    "codename": "add_image"
  }
},
{
  "model": "auth.permission",
  "pk": 50,
  "fields": {
    "name": "Can change image",
    "content_type": 13,
    "codename": "change_image"
  }
},
{
  "model": "auth.permission",
  "pk": 51,
  "fields": {
    "name": "Can delete image",
    "content_type": 13,
    "codename": "delete_image"
  }
},
{
  "model": "auth.permission",
  "pk": 52,
  "fields": {
    "name": "Can view image",
    "content_type": 13,
    "codename": "view_image"
  }
},
{
  "model": "auth.user",
  "pk": 1,
  "fields": {
    "password": "pbkdf2_sha256$600000$gDHo7t3aRTGb2PlswfBou9$P3WshYBCBnUdKO0lo0obTG3h8f5JH6scBtPB9DMxKzY=",
    "last_login": "2024-08-03T13:38:02.173Z",
    "is_superuser": true,
    "username": "aslan",
    "first_name": "",
    "last_name": "",
    "email": "matackubovaslan@gmail.com",
    "is_staff": true,
    "is_active": true,
    "date_joined": "2024-07-20T12:43:45Z",
    "groups": [],
    "user_permissions": []
  }
},
{
  "model": "auth.user",
  "pk": 3,
  "fields": {
    "password": "pbkdf2_sha256$600000$ngM2E4Z5g2s6gUW3WGG7Uq$5/MkKl5/7ywVbmW2BPiqbNqfb03Y3EhJxu7ixe8O7yI=",
    "last_login": "2024-07-27T12:59:11.777Z",
    "is_superuser": false,
    "username": "muiz",
    "first_name": "muiz",
    "last_name": "",
    "email": "muiz@gmail.com",
    "is_staff": false,
    "is_active": true,
    "date_joined": "2024-07-25T12:24:07.313Z",
    "groups": [],
    "user_permissions": []
  }
},
{
  "model": "auth.user",
  "pk": 6,
  "fields": {
    "password": "pbkdf2_sha256$600000$U2f1vQnuC99e7jRaPAQVw3$fnUoWMxVWv+I+xFKnGaw2PvqRgZSHl3fYHcRJ1XiyZY=",
    "last_login": null,
    "is_superuser": false,
    "username": "qwerty",
    "first_name": "qwerty",
    "last_name": "",
    "email": "",
    "is_staff": false,
    "is_active": true,
    "date_joined": "2024-07-27T13:50:54.437Z",
    "groups": [],
    "user_permissions": []
  }
},
{
  "model": "auth.user",
  "pk": 7,
  "fields": {
    "password": "!HRh6mAwMhKzv0CShB6BvuuLmI3Ij66VS1pBztIp9",
    "last_login": "2024-08-01T08:50:08.662Z",
    "is_superuser": false,
    "username": "aslan19P",
    "first_name": "",
    "last_name": "",
    "email": "",
    "is_staff": false,
    "is_active": true,
    "date_joined": "2024-07-30T14:48:30.254Z",
    "groups": [],
    "user_permissions": []
  }
},
{
  "model": "auth.user",
  "pk": 8,
  "fields": {
    "password": "!8H1lCWiivODQzM6e25OP6WlU8ekEVLEFjIyTTPpu",
    "last_login": "2024-08-01T11:31:37.138Z",
    "is_superuser": false,
    "username": "AslanMatyackubov",
    "first_name": "Aslan",
    "last_name": "Matyackubov",
    "email": "",
    "is_staff": false,
    "is_active": true,
    "date_joined": "2024-07-31T20:20:12.523Z",
    "groups": [],
    "user_permissions": []
  }
},
{
  "model": "auth.user",
  "pk": 9,
  "fields": {
    "password": "!WRT3ExfTWhyvn34dNtXkstCR3TKqYYFfDbxmnEYd",
    "last_login": "2024-08-01T10:22:36.129Z",
    "is_superuser": false,
    "username": "19Pleyer",
    "first_name": "АСЛАН",
    "last_name": "19 pleyer Матячкубов",
    "email": "matackubovaslan@gmail.com",
    "is_staff": false,
    "is_active": true,
    "date_joined": "2024-07-31T20:32:39.321Z",
    "groups": [],
    "user_permissions": []
  }
},
{
  "model": "auth.user",
  "pk": 10,
  "fields": {
    "password": "!XOUhuMjY2Ln5vLw1g1FL3ANuxQHAweT051HBJiQu",
    "last_login": "2024-08-01T11:32:28.601Z",
    "is_superuser": false,
    "username": "matackubovaslan",
    "first_name": "АСЛАН 19 pleyer",
    "last_name": "Матячкубов",
    "email": "matackubovaslan@gmail.com",
    "is_staff": false,
    "is_active": true,
    "date_joined": "2024-07-31T20:50:07.455Z",
    "groups": [],
    "user_permissions": []
  }
},
{
  "model": "auth.user",
  "pk": 11,
  "fields": {
    "password": "!N1KG6sVNg1vD2IMQgisiSppDZ5z2mKALfRDXI4Bu",
    "last_login": "2024-08-01T11:35:52.318Z",
    "is_superuser": false,
    "username": "AslanMatyackubovd553b00267144913",
    "first_name": "Aslan",
    "last_name": "Matyackubov",
    "email": "",
    "is_staff": false,
    "is_active": true,
    "date_joined": "2024-08-01T11:33:10.627Z",
    "groups": [],
    "user_permissions": []
  }
},
{
  "model": "auth.user",
  "pk": 12,
  "fields": {
    "password": "!tUggs2jad8tk9WRnOBYle3BkW9nCfgMIeRwPwqZe",
    "last_login": "2024-08-01T11:36:15.582Z",
    "is_superuser": false,
    "username": "19Pleyer20f60e66e8df4a00",
    "first_name": "АСЛАН",
    "last_name": "19 pleyer Матячкубов",
    "email": "matackubovaslan@gmail.com",
    "is_staff": false,
    "is_active": true,
    "date_joined": "2024-08-01T11:36:15.551Z",
    "groups": [],
    "user_permissions": []
  }
},
{
  "model": "auth.user",
  "pk": 13,
  "fields": {
    "password": "!dTthHgDde4OJucVqnifYZMP9799GaHAte3ZUKkRJ",
    "last_login": "2024-08-01T11:36:43.240Z",
    "is_superuser": false,
    "username": "matackubovaslan0eb0da13caf34099",
    "first_name": "АСЛАН 19 pleyer",
    "last_name": "Матячкубов",
    "email": "matackubovaslan@gmail.com",
    "is_staff": false,
    "is_active": true,
    "date_joined": "2024-08-01T11:36:31.870Z",
    "groups": [],
    "user_permissions": []
  }
},
{
  "model": "auth.user",
  "pk": 14,
  "fields": {
    "password": "!de2ca3hm2dVO6FDLpCK9spDeq4NdJZzRMF9dOJqk",
    "last_login": "2024-08-01T11:36:57.344Z",
    "is_superuser": false,
    "username": "aslan19P0f69507214e644d9",
    "first_name": "",
    "last_name": "",
    "email": "",
    "is_staff": false,
    "is_active": true,
    "date_joined": "2024-08-01T11:36:57.284Z",
    "groups": [],
    "user_permissions": []
  }
},
{
  "model": "contenttypes.contenttype",
  "pk": 1,
  "fields": {
    "app_label": "admin",
    "model": "logentry"
  }
},
{
  "model": "contenttypes.contenttype",
  "pk": 2,
  "fields": {
    "app_label": "auth",
    "model": "permission"
  }
},
{
  "model": "contenttypes.contenttype",
  "pk": 3,
  "fields": {
    "app_label": "auth",
    "model": "group"
  }
},
{
  "model": "contenttypes.contenttype",
  "pk": 4,
  "fields": {
    "app_label": "auth",
    "model": "user"
  }
},
{
  "model": "contenttypes.contenttype",
  "pk": 5,
  "fields": {
    "app_label": "contenttypes",
    "model": "contenttype"
  }
},
{
  "model": "contenttypes.contenttype",
  "pk": 6,
  "fields": {
    "app_label": "sessions",
    "model": "session"
  }
},
{
  "model": "contenttypes.contenttype",
  "pk": 7,
  "fields": {
    "app_label": "account",
    "model": "profile"
  }
},
{
  "model": "contenttypes.contenttype",
  "pk": 8,
  "fields": {
    "app_label": "social_django",
    "model": "association"
  }
},
{
  "model": "contenttypes.contenttype",
  "pk": 9,
  "fields": {
    "app_label": "social_django",
    "model": "code"
  }
},
{
  "model": "contenttypes.contenttype",
  "pk": 10,
  "fields": {
    "app_label": "social_django",
    "model": "nonce"
  }
},
{
  "model": "contenttypes.contenttype",
  "pk": 11,
  "fields": {
    "app_label": "social_django",
    "model": "usersocialauth"
  }
},
{
  "model": "contenttypes.contenttype",
  "pk": 12,
  "fields": {
    "app_label": "social_django",
    "model": "partial"
  }
},
{
  "model": "contenttypes.contenttype",
  "pk": 13,
  "fields": {
    "app_label": "images",
    "model": "image"
  }
},
{
  "model": "sessions.session",
  "pk": "1p13bhslqfsqw9funq55jwqz81b6l7r9",
  "fields": {
    "session_data": ".eJxVjDkOwjAURO_iGlleiU1Jzxks_8U4gBwpTirE3UmkFFBMM-_NvEXK61LT2nlOI4mL0OL020HGJ7cd0CO3-yRxass8gtwVedAubxPx63q4fwc197qtrbJ-8D5kZ4OBs2MFsRQ2SIDablEOtIOiTTSEaDVG50gFQBxY2Sw-X9ccOA8:1sZub4:C5Afc_p3vN3Nx4sjaFdsAn2-rJO6xuFaA3ShAvMiDSw",
    "expire_date": "2024-08-16T15:53:38.796Z"
  }
},
{
  "model": "sessions.session",
  "pk": "8232tkj9i1g2k2locb7l44uuqsspm1dd",
  "fields": {
    "session_data": ".eJxVjDkOwjAURO_iGlleiU1Jzxks_8U4gBwpTirE3UmkFFBMM-_NvEXK61LT2nlOI4mL0OL020HGJ7cd0CO3-yRxass8gtwVedAubxPx63q4fwc197qtrbJ-8D5kZ4OBs2MFsRQ2SIDablEOtIOiTTSEaDVG50gFQBxY2Sw-X9ccOA8:1sWtyl:9xEW-bTngRC_cWp8NRfwikIdRNrbh7vM8k1dSSe0ggQ",
    "expire_date": "2024-08-08T08:37:39.086Z"
  }
},
{
  "model": "sessions.session",
  "pk": "gid4e3t5qfzrfqqpk64ipo3dyvzx9uy4",
  "fields": {
    "session_data": ".eJxVjDkOwjAURO_iGlleiU1Jzxks_8U4gBwpTirE3UmkFFBMM-_NvEXK61LT2nlOI4mL0OL020HGJ7cd0CO3-yRxass8gtwVedAubxPx63q4fwc197qtrbJ-8D5kZ4OBs2MFsRQ2SIDablEOtIOiTTSEaDVG50gFQBxY2Sw-X9ccOA8:1sXh0e:1WyutdZivLS-FRCh3Qj3VVj9hSE7o7mKyT48sYrhaYM",
    "expire_date": "2024-08-10T12:58:52.039Z"
  }
},
{
  "model": "sessions.session",
  "pk": "pslkkplircli3bksh52ochbl1l6988xw",
  "fields": {
    "session_data": ".eJxVjksPgjAQhP9Lz4bAllrwZgx68AAHPXBqlj6ggUi0bUw0_nfr46CnTWbnm5k76a0fQiecR6_JilRhPlf1-nobeXCbrGvbmu5DY3dwZNtmOpAFERj8IILTF2FVRPi_1qEc9en1cLO0OAk5X3TyVV3y6Ut271OvIwb__IBuiLBSFExeoqG5WapCygKBF1ggQ4oU8pSBTEGByqLBaFhmkqVdycHwUjKmY-i3_x09ofNimnt7-hn42UIeT87mWAc:1sZGPx:LtvBdNGrEBP5kHUnRbG15SYeijtdpZ3mTuu3PZ82hJ4",
    "expire_date": "2024-08-14T20:59:29.702Z"
  }
},
{
  "model": "sessions.session",
  "pk": "w4g0o2iimk6tm37l3s9rx5m7gn2g1sto",
  "fields": {
    "session_data": ".eJxVjDkOwjAURO_iGlleiU1Jzxks_8U4gBwpTirE3UmkFFBMM-_NvEXK61LT2nlOI4mL0OL020HGJ7cd0CO3-yRxass8gtwVedAubxPx63q4fwc197qtrbJ-8D5kZ4OBs2MFsRQ2SIDablEOtIOiTTSEaDVG50gFQBxY2Sw-X9ccOA8:1saExO:lWLtHOyYeVrtLUyTe6gt1bwl-E8Gan6Pzzh64nWzVZU",
    "expire_date": "2024-08-17T13:38:02.185Z"
  }
},
{
  "model": "images.image",
  "pk": 1,
  "fields": {
    "user": 1,
    "title": "Django and Duke",
    "slug": "django-and-duke",
    "url": "https://upload.wikimedia.org/wikipedia/commons/8/85/Django_Reinhardt_and_Duke_Ellington_(Gottlieb).jpg",
    "image": "",
    "description": "",
    "created": "2024-08-01",
    "users_like": []
  }
},
{
  "model": "images.image",
  "pk": 2,
  "fields": {
    "user": 1,
    "title": "Amazon.com. Spend less. Smile more.",
    "slug": "amazoncom-spend-less-smile-more",
    "url": "https://m.media-amazon.com/images/G/01/gno/sprites/nav-sprite-global-1x-reorg-privacy._CB587940754_.png",
    "image": "",
    "description": "1 chtoto",
    "created": "2024-08-03",
    "users_like": []
  }
},
{
  "model": "images.image",
  "pk": 14,
  "fields": {
    "user": 1,
    "title": "Amazon.com : outdoor decor",
    "slug": "amazoncom-outdoor-decor",
    "url": "https://m.media-amazon.com/images/I/81VeHcq+ybL._AC_UL320_.jpg",
    "image": "",
    "description": "",
    "created": "2024-08-03",
    "users_like": []
  }
},
{
  "model": "images.image",
  "pk": 15,
  "fields": {
    "user": 1,
    "title": "Amazon.com : outdoor decor",
    "slug": "amazoncom-outdoor-decor",
    "url": "https://m.media-amazon.com/images/I/81VeHcq+ybL._AC_UL320_.jpg",
    "image": "",
    "description": "qwerty",
    "created": "2024-08-03",
    "users_like": []
  }
},
{
  "model": "images.image",
  "pk": 16,
  "fields": {
    "user": 1,
    "title": "Amazon.com : Pretend Play Toys",
    "slug": "amazoncom-pretend-play-toys",
    "url": "https://m.media-amazon.com/images/I/71GYKe4f5RL._AC_UL320_.jpg",
    "image": "",
    "description": "qwerty",
    "created": "2024-08-03",
    "users_like": []
  }
},
{
  "model": "images.image",
  "pk": 17,
  "fields": {
    "user": 1,
    "title": "Amazon.com : Shoes",
    "slug": "amazoncom-shoes",
    "url": "https://m.media-amazon.com/images/I/71J7KKQwHTL._AC_UL320_.jpg",
    "image": "",
    "description": "qwert",
    "created": "2024-08-03",
    "users_like": []
  }
},
{
  "model": "images.image",
  "pk": 18,
  "fields": {
    "user": 1,
    "title": "Amazon.com : Shoes",
    "slug": "amazoncom-shoes",
    "url": "https://m.media-amazon.com/images/I/71J7KKQwHTL._AC_UL320_.jpg",
    "image": "",
    "description": "q",
    "created": "2024-08-03",
    "users_like": []
  }
},
{
  "model": "images.image",
  "pk": 19,
  "fields": {
    "user": 1,
    "title": "Amazon.com : Shoes",
    "slug": "amazoncom-shoes",
    "url": "https://m.media-amazon.com/images/I/71J7KKQwHTL._AC_UL320_.jpg",
    "image": "",
    "description": "q",
    "created": "2024-08-03",
    "users_like": []
  }
},
{
  "model": "images.image",
  "pk": 20,
  "fields": {
    "user": 1,
    "title": "Amazon.com : Shoes",
    "slug": "amazoncom-shoes",
    "url": "https://m.media-amazon.com/images/I/71J7KKQwHTL._AC_UL320_.jpg",
    "image": "",
    "description": "q",
    "created": "2024-08-03",
    "users_like": []
  }
},
{
  "model": "images.image",
  "pk": 21,
  "fields": {
    "user": 1,
    "title": "Amazon.com : Shoes",
    "slug": "amazoncom-shoes",
    "url": "https://m.media-amazon.com/images/I/71J7KKQwHTL._AC_UL320_.jpg",
    "image": "",
    "description": "",
    "created": "2024-08-03",
    "users_like": []
  }
},
{
  "model": "images.image",
  "pk": 22,
  "fields": {
    "user": 1,
    "title": "Amazon.com : Shoes",
    "slug": "amazoncom-shoes",
    "url": "https://m.media-amazon.com/images/I/71J7KKQwHTL._AC_UL320_.jpg",
    "image": "",
    "description": "",
    "created": "2024-08-03",
    "users_like": []
  }
},
{
  "model": "images.image",
  "pk": 23,
  "fields": {
    "user": 1,
    "title": "Amazon.com : Shoes",
    "slug": "amazoncom-shoes",
    "url": "https://m.media-amazon.com/images/I/71J7KKQwHTL._AC_UL320_.jpg",
    "image": "",
    "description": "",
    "created": "2024-08-03",
    "users_like": []
  }
},
{
  "model": "images.image",
  "pk": 24,
  "fields": {
    "user": 1,
    "title": "Amazon.com : Shoes",
    "slug": "amazoncom-shoes",
    "url": "https://m.media-amazon.com/images/I/71J7KKQwHTL._AC_UL320_.jpg",
    "image": "",
    "description": "",
    "created": "2024-08-03",
    "users_like": []
  }
},
{
  "model": "images.image",
  "pk": 25,
  "fields": {
    "user": 1,
    "title": "Amazon.com : Shoes",
    "slug": "amazoncom-shoes",
    "url": "https://m.media-amazon.com/images/I/71J7KKQwHTL._AC_UL320_.jpg",
    "image": "",
    "description": "",
    "created": "2024-08-03",
    "users_like": []
  }
},
{
  "model": "images.image",
  "pk": 26,
  "fields": {
    "user": 1,
    "title": "Amazon.com : Shoes",
    "slug": "amazoncom-shoes",
    "url": "https://m.media-amazon.com/images/I/71J7KKQwHTL._AC_UL320_.jpg",
    "image": "",
    "description": "",
    "created": "2024-08-03",
    "users_like": []
  }
},
{
  "model": "images.image",
  "pk": 27,
  "fields": {
    "user": 1,
    "title": "Amazon.com. Spend less. Smile more.",
    "slug": "amazoncom-spend-less-smile-more",
    "url": "https://images-na.ssl-images-amazon.com/images/G/01/AmazonExports/Events/2023/EBF23/Fuji_Desktop_Single_image_EBF_1x_v8._SY304_CB573698005_.jpg",
    "image": "",
    "description": "",
    "created": "2024-08-03",
    "users_like": []
  }
},
{
  "model": "images.image",
  "pk": 28,
  "fields": {
    "user": 1,
    "title": "Amazon.com : Shoes",
    "slug": "amazoncom-shoes",
    "url": "https://m.media-amazon.com/images/I/71J7KKQwHTL._AC_UL320_.jpg",
    "image": "",
    "description": "",
    "created": "2024-08-03",
    "users_like": []
  }
},
{
  "model": "images.image",
  "pk": 29,
  "fields": {
    "user": 1,
    "title": "Amazon.com : Shoes",
    "slug": "amazoncom-shoes",
    "url": "https://m.media-amazon.com/images/I/71J7KKQwHTL._AC_UL320_.jpg",
    "image": "",
    "description": "qwerty",
    "created": "2024-08-03",
    "users_like": []
  }
},
{
  "model": "images.image",
  "pk": 30,
  "fields": {
    "user": 1,
    "title": "Amazon.com : Shoes",
    "slug": "amazoncom-shoes",
    "url": "https://m.media-amazon.com/images/I/71J7KKQwHTL._AC_UL320_.jpg",
    "image": "",
    "description": "qwerty",
    "created": "2024-08-03",
    "users_like": []
  }
},
{
  "model": "social_django.usersocialauth",
  "pk": 5,
  "fields": {
    "user": 11,
    "provider": "facebook",
    "uid": "537573655264732",
    "extra_data": {
      "auth_time": 1722512152,
      "id": "537573655264732",
      "expires": 5129059,
      "granted_scopes": [
        "email",
        "public_profile"
      ],
      "denied_scopes": null,
      "access_token": "EAAGxxhEVKLUBOxo50v5EYtuB1jB7wmZCaWZCDmkojySosZCENfHrhEwSsxfX3WJDj3iFVmYAZAdclhzbIXEqwSktheiwYnr6WJv4goU8sUbXvdIr7whsRE2ZBheydMuwZBJjImt8ZCgcZBZBC2J6Wp26na7jl0hRXtKTB8mWVgmCDrlZCKVPZCnfp8vF8ZAZAE9ULaZByu0f5VZBd8ZB0vxJT3cHDQZBpDoZApQFfJaBuC0HIzccuwcC7EHvMP5hyJ",
      "token_type": null
    },
    "created": "2024-08-01T11:33:10.641Z",
    "modified": "2024-08-01T11:35:52.305Z"
  }
},
{
  "model": "social_django.usersocialauth",
  "pk": 6,
  "fields": {
    "user": 12,
    "provider": "twitter",
    "uid": "1689743244824137729",
    "extra_data": {
      "auth_time": 1722512175,
      "id": 1689743244824137729,
      "access_token": {
        "oauth_token": "1689743244824137729-7KRfg0U9uRNur4CBunMfAo71qEz1uq",
        "oauth_token_secret": "VtrqUScyEZV2Ffdc1p70XdCGJZ0WVDaVdXVzu1AnizuRd",
        "user_id": "1689743244824137729",
        "screen_name": "19Pleyer"
      }
    },
    "created": "2024-08-01T11:36:15.569Z",
    "modified": "2024-08-01T11:36:15.573Z"
  }
},
{
  "model": "social_django.usersocialauth",
  "pk": 7,
  "fields": {
    "user": 13,
    "provider": "google-oauth2",
    "uid": "matackubovaslan@gmail.com",
    "extra_data": {
      "auth_time": 1722512203,
      "expires": 3598,
      "token_type": "Bearer",
      "access_token": "ya29.a0AcM612y12cZV6UD999tWW-PvrWH0aF_PBauYEXNx9uWnt7wkkkH41YkmJcP0vFRqgJOnz1S97IWDytW5H8iZvpu9YOYdYzaBXNDgaFKrWC0t9R2pIU_Ewu17aFbJ5D2agkq3aJ3wn1GyHX1tGzvCFUk-ei0RfabENNsaCgYKAZYSARMSFQHGX2MivuRWdTY-Fftc8MWII3jonw0170"
    },
    "created": "2024-08-01T11:36:31.887Z",
    "modified": "2024-08-01T11:36:43.218Z"
  }
},
{
  "model": "social_django.usersocialauth",
  "pk": 8,
  "fields": {
    "user": 14,
    "provider": "github",
    "uid": "159912699",
    "extra_data": {
      "auth_time": 1722512217,
      "id": 159912699,
      "expires": null,
      "login": "aslan19P",
      "access_token": "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",
      "token_type": "bearer"
    },
    "created": "2024-08-01T11:36:57.327Z",
    "modified": "2024-08-01T11:36:57.336Z"
  }
}
]
